{
    "parent": "item/generated",
    "textures": {
        "layer0": "item/golden_hoe"
    },
    "display": {
        "thirdperson_righthand": {
            "rotation": [ 0, -90, 55 ],
            "translation": [ 0, 6.0, 1.0 ],
            "scale": [ 1.25, 1.25, 0.85 ]
        },
        "thirdperson_lefthand": {
            "rotation": [ -105, 0, -55 ],
            "translation": [ 0, 0, 0 ],
            "scale": [ 1.25, 1.25, 0.85 ]
        },
        "firstperson_righthand": {
            "rotation": [ 0, -90, 25 ],
            "translation": [ 1.13, 3.2, 1.13 ],
            "scale": [ 0.85, 0.85, 0.68 ]
        },
        "firstperson_lefthand": {
            "rotation": [ 180, 0, 320 ],
            "translation": [ 0, 1, 0 ],
            "scale": [ 0.85, 0.85, 0.68 ]
        }
    },
    
"overrides": [
{"predicate": {"custom_model_data":1}, "model": "item/custom/ender_giant_blade"}
]
}



